{
  "001_Launch" : {
    "transaction" : "001_Launch",
    "sampleCount" : 20,
    "errorCount" : 0,
    "errorPct" : 0.0,
    "meanResTime" : 296.15,
    "medianResTime" : 263.0,
    "minResTime" : 216.0,
    "maxResTime" : 551.0,
    "pct1ResTime" : 421.0,
    "pct2ResTime" : 544.4999999999999,
    "pct3ResTime" : 551.0,
    "throughput" : 1.4670285337049807,
    "receivedKBytesPerSec" : 2.0254019428959142,
    "sentKBytesPerSec" : 0.6432576285483753
  },
  "004_Purchase_Flight" : {
    "transaction" : "004_Purchase_Flight",
    "sampleCount" : 20,
    "errorCount" : 0,
    "errorPct" : 0.0,
    "meanResTime" : 306.85,
    "medianResTime" : 297.0,
    "minResTime" : 220.0,
    "maxResTime" : 471.0,
    "pct1ResTime" : 432.80000000000007,
    "pct2ResTime" : 469.2,
    "pct3ResTime" : 471.0,
    "throughput" : 1.5026296018031555,
    "receivedKBytesPerSec" : 2.2229820154019535,
    "sentKBytesPerSec" : 1.1988753756574004
  },
  "003_Select_Flight" : {
    "transaction" : "003_Select_Flight",
    "sampleCount" : 20,
    "errorCount" : 0,
    "errorPct" : 0.0,
    "meanResTime" : 305.95,
    "medianResTime" : 293.0,
    "minResTime" : 226.0,
    "maxResTime" : 544.0,
    "pct1ResTime" : 443.4000000000002,
    "pct2ResTime" : 539.5,
    "pct3ResTime" : 544.0,
    "throughput" : 1.5026296018031555,
    "receivedKBytesPerSec" : 2.554323581893313,
    "sentKBytesPerSec" : 1.0139814988730278
  },
  "Total" : {
    "transaction" : "Total",
    "sampleCount" : 80,
    "errorCount" : 0,
    "errorPct" : 0.0,
    "meanResTime" : 310.84999999999997,
    "medianResTime" : 288.5,
    "minResTime" : 216.0,
    "maxResTime" : 558.0,
    "pct1ResTime" : 437.70000000000005,
    "pct2ResTime" : 511.85000000000014,
    "pct3ResTime" : 558.0,
    "throughput" : 5.47945205479452,
    "receivedKBytesPerSec" : 8.265999571917808,
    "sentKBytesPerSec" : 3.4674657534246576
  },
  "001_Launch_Request" : {
    "transaction" : "001_Launch_Request",
    "sampleCount" : 20,
    "errorCount" : 0,
    "errorPct" : 0.0,
    "meanResTime" : 296.15,
    "medianResTime" : 263.0,
    "minResTime" : 216.0,
    "maxResTime" : 551.0,
    "pct1ResTime" : 421.0,
    "pct2ResTime" : 544.4999999999999,
    "pct3ResTime" : 551.0,
    "throughput" : 1.4695077149155031,
    "receivedKBytesPerSec" : 2.028824738243938,
    "sentKBytesPerSec" : 0.6443446914033799
  },
  "002_Find_Flights_Request" : {
    "transaction" : "002_Find_Flights_Request",
    "sampleCount" : 20,
    "errorCount" : 0,
    "errorPct" : 0.0,
    "meanResTime" : 334.45000000000005,
    "medianResTime" : 285.5,
    "minResTime" : 219.0,
    "maxResTime" : 558.0,
    "pct1ResTime" : 507.5000000000001,
    "pct2ResTime" : 555.8,
    "pct3ResTime" : 558.0,
    "throughput" : 1.504438092372499,
    "receivedKBytesPerSec" : 2.217944302880999,
    "sentKBytesPerSec" : 0.9329279186098992
  },
  "002_Find_Flights" : {
    "transaction" : "002_Find_Flights",
    "sampleCount" : 20,
    "errorCount" : 0,
    "errorPct" : 0.0,
    "meanResTime" : 334.45000000000005,
    "medianResTime" : 285.5,
    "minResTime" : 219.0,
    "maxResTime" : 558.0,
    "pct1ResTime" : 507.5000000000001,
    "pct2ResTime" : 555.8,
    "pct3ResTime" : 558.0,
    "throughput" : 1.504438092372499,
    "receivedKBytesPerSec" : 2.217944302880999,
    "sentKBytesPerSec" : 0.9329279186098992
  },
  "003_Select_Flight_Request" : {
    "transaction" : "003_Select_Flight_Request",
    "sampleCount" : 20,
    "errorCount" : 0,
    "errorPct" : 0.0,
    "meanResTime" : 305.95,
    "medianResTime" : 293.0,
    "minResTime" : 226.0,
    "maxResTime" : 544.0,
    "pct1ResTime" : 443.4000000000002,
    "pct2ResTime" : 539.5,
    "pct3ResTime" : 544.0,
    "throughput" : 1.5026296018031555,
    "receivedKBytesPerSec" : 2.554323581893313,
    "sentKBytesPerSec" : 1.0139814988730278
  },
  "004_Purchase_Flight_Request" : {
    "transaction" : "004_Purchase_Flight_Request",
    "sampleCount" : 20,
    "errorCount" : 0,
    "errorPct" : 0.0,
    "meanResTime" : 306.85,
    "medianResTime" : 297.0,
    "minResTime" : 220.0,
    "maxResTime" : 471.0,
    "pct1ResTime" : 432.80000000000007,
    "pct2ResTime" : 469.2,
    "pct3ResTime" : 471.0,
    "throughput" : 1.5026296018031555,
    "receivedKBytesPerSec" : 2.2229820154019535,
    "sentKBytesPerSec" : 1.1988753756574004
  }
}