{
  "001_Launch" : {
    "transaction" : "001_Launch",
    "sampleCount" : 20,
    "errorCount" : 0,
    "errorPct" : 0.0,
    "meanResTime" : 323.15000000000003,
    "medianResTime" : 279.0,
    "minResTime" : 222.0,
    "maxResTime" : 663.0,
    "pct1ResTime" : 568.7000000000002,
    "pct2ResTime" : 658.6999999999999,
    "pct3ResTime" : 663.0,
    "throughput" : 1.3659336156262807,
    "receivedKBytesPerSec" : 1.9111732302622593,
    "sentKBytesPerSec" : 0.5989298763830078
  },
  "004_Purchase_Flight" : {
    "transaction" : "004_Purchase_Flight",
    "sampleCount" : 20,
    "errorCount" : 0,
    "errorPct" : 0.0,
    "meanResTime" : 310.4,
    "medianResTime" : 280.5,
    "minResTime" : 227.0,
    "maxResTime" : 487.0,
    "pct1ResTime" : 424.90000000000003,
    "pct2ResTime" : 483.94999999999993,
    "pct3ResTime" : 487.0,
    "throughput" : 1.4041985536754897,
    "receivedKBytesPerSec" : 2.1065720880432495,
    "sentKBytesPerSec" : 1.1203420101102295
  },
  "003_Select_Flight" : {
    "transaction" : "003_Select_Flight",
    "sampleCount" : 20,
    "errorCount" : 0,
    "errorPct" : 0.0,
    "meanResTime" : 325.65,
    "medianResTime" : 292.0,
    "minResTime" : 230.0,
    "maxResTime" : 645.0,
    "pct1ResTime" : 505.60000000000014,
    "pct2ResTime" : 638.3,
    "pct3ResTime" : 645.0,
    "throughput" : 1.4054813773717498,
    "receivedKBytesPerSec" : 2.3908967630007028,
    "sentKBytesPerSec" : 0.9484254216444132
  },
  "Total" : {
    "transaction" : "Total",
    "sampleCount" : 80,
    "errorCount" : 0,
    "errorPct" : 0.0,
    "meanResTime" : 317.2,
    "medianResTime" : 280.5,
    "minResTime" : 222.0,
    "maxResTime" : 663.0,
    "pct1ResTime" : 493.30000000000007,
    "pct2ResTime" : 573.8000000000002,
    "pct3ResTime" : 663.0,
    "throughput" : 5.153311002318991,
    "receivedKBytesPerSec" : 7.818916476101521,
    "sentKBytesPerSec" : 3.261079618654986
  },
  "001_Launch_Request" : {
    "transaction" : "001_Launch_Request",
    "sampleCount" : 20,
    "errorCount" : 0,
    "errorPct" : 0.0,
    "meanResTime" : 323.15000000000003,
    "medianResTime" : 279.0,
    "minResTime" : 222.0,
    "maxResTime" : 663.0,
    "pct1ResTime" : 568.7000000000002,
    "pct2ResTime" : 658.6999999999999,
    "pct3ResTime" : 663.0,
    "throughput" : 1.3680826321909842,
    "receivedKBytesPerSec" : 1.914180069601204,
    "sentKBytesPerSec" : 0.5998721697790547
  },
  "002_Find_Flights_Request" : {
    "transaction" : "002_Find_Flights_Request",
    "sampleCount" : 20,
    "errorCount" : 0,
    "errorPct" : 0.0,
    "meanResTime" : 309.6,
    "medianResTime" : 265.0,
    "minResTime" : 222.0,
    "maxResTime" : 577.0,
    "pct1ResTime" : 512.8,
    "pct2ResTime" : 573.8,
    "pct3ResTime" : 577.0,
    "throughput" : 1.4012471099278356,
    "receivedKBytesPerSec" : 2.057808011630351,
    "sentKBytesPerSec" : 0.8689374168009528
  },
  "002_Find_Flights" : {
    "transaction" : "002_Find_Flights",
    "sampleCount" : 20,
    "errorCount" : 0,
    "errorPct" : 0.0,
    "meanResTime" : 309.6,
    "medianResTime" : 265.0,
    "minResTime" : 222.0,
    "maxResTime" : 577.0,
    "pct1ResTime" : 512.8,
    "pct2ResTime" : 573.8,
    "pct3ResTime" : 577.0,
    "throughput" : 1.4011489421325487,
    "receivedKBytesPerSec" : 2.0576638468544206,
    "sentKBytesPerSec" : 0.8688765412638364
  },
  "003_Select_Flight_Request" : {
    "transaction" : "003_Select_Flight_Request",
    "sampleCount" : 20,
    "errorCount" : 0,
    "errorPct" : 0.0,
    "meanResTime" : 325.65,
    "medianResTime" : 292.0,
    "minResTime" : 230.0,
    "maxResTime" : 645.0,
    "pct1ResTime" : 505.60000000000014,
    "pct2ResTime" : 638.3,
    "pct3ResTime" : 645.0,
    "throughput" : 1.4054813773717498,
    "receivedKBytesPerSec" : 2.3908967630007028,
    "sentKBytesPerSec" : 0.9484254216444132
  },
  "004_Purchase_Flight_Request" : {
    "transaction" : "004_Purchase_Flight_Request",
    "sampleCount" : 20,
    "errorCount" : 0,
    "errorPct" : 0.0,
    "meanResTime" : 310.4,
    "medianResTime" : 280.5,
    "minResTime" : 227.0,
    "maxResTime" : 487.0,
    "pct1ResTime" : 424.90000000000003,
    "pct2ResTime" : 483.94999999999993,
    "pct3ResTime" : 487.0,
    "throughput" : 1.4041985536754897,
    "receivedKBytesPerSec" : 2.1065720880432495,
    "sentKBytesPerSec" : 1.1203420101102295
  }
}