{
  "001_Launch" : {
    "transaction" : "001_Launch",
    "sampleCount" : 20,
    "errorCount" : 0,
    "errorPct" : 0.0,
    "meanResTime" : 349.49999999999994,
    "medianResTime" : 308.0,
    "minResTime" : 218.0,
    "maxResTime" : 851.0,
    "pct1ResTime" : 535.1,
    "pct2ResTime" : 835.2999999999997,
    "pct3ResTime" : 851.0,
    "throughput" : 1.2361703442734409,
    "receivedKBytesPerSec" : 1.7338979155077572,
    "sentKBytesPerSec" : 0.54203172322146
  },
  "004_Purchase_Flight" : {
    "transaction" : "004_Purchase_Flight",
    "sampleCount" : 20,
    "errorCount" : 0,
    "errorPct" : 0.0,
    "meanResTime" : 387.25,
    "medianResTime" : 370.5,
    "minResTime" : 228.0,
    "maxResTime" : 662.0,
    "pct1ResTime" : 586.8000000000001,
    "pct2ResTime" : 658.5,
    "pct3ResTime" : 662.0,
    "throughput" : 1.242544731610338,
    "receivedKBytesPerSec" : 1.868367432125994,
    "sentKBytesPerSec" : 0.9913662555914513
  },
  "003_Select_Flight" : {
    "transaction" : "003_Select_Flight",
    "sampleCount" : 20,
    "errorCount" : 0,
    "errorPct" : 0.0,
    "meanResTime" : 370.8,
    "medianResTime" : 312.5,
    "minResTime" : 229.0,
    "maxResTime" : 624.0,
    "pct1ResTime" : 602.2,
    "pct2ResTime" : 623.0,
    "pct3ResTime" : 624.0,
    "throughput" : 1.244090569793481,
    "receivedKBytesPerSec" : 2.1198744440470265,
    "sentKBytesPerSec" : 0.8395181481711869
  },
  "Total" : {
    "transaction" : "Total",
    "sampleCount" : 80,
    "errorCount" : 0,
    "errorPct" : 0.0,
    "meanResTime" : 353.76249999999993,
    "medianResTime" : 307.5,
    "minResTime" : 218.0,
    "maxResTime" : 851.0,
    "pct1ResTime" : 539.7,
    "pct2ResTime" : 603.4000000000001,
    "pct3ResTime" : 851.0,
    "throughput" : 4.63821892393321,
    "receivedKBytesPerSec" : 7.0753221387987,
    "sentKBytesPerSec" : 2.935122912801484
  },
  "001_Launch_Request" : {
    "transaction" : "001_Launch_Request",
    "sampleCount" : 20,
    "errorCount" : 0,
    "errorPct" : 0.0,
    "meanResTime" : 349.49999999999994,
    "medianResTime" : 308.0,
    "minResTime" : 218.0,
    "maxResTime" : 851.0,
    "pct1ResTime" : 535.1,
    "pct2ResTime" : 835.2999999999997,
    "pct3ResTime" : 851.0,
    "throughput" : 1.2384667781286767,
    "receivedKBytesPerSec" : 1.7371189779552914,
    "sentKBytesPerSec" : 0.5430386556443123
  },
  "002_Find_Flights_Request" : {
    "transaction" : "002_Find_Flights_Request",
    "sampleCount" : 20,
    "errorCount" : 0,
    "errorPct" : 0.0,
    "meanResTime" : 307.49999999999994,
    "medianResTime" : 273.5,
    "minResTime" : 226.0,
    "maxResTime" : 566.0,
    "pct1ResTime" : 449.6000000000001,
    "pct2ResTime" : 560.3999999999999,
    "pct3ResTime" : 566.0,
    "throughput" : 1.258970162407151,
    "receivedKBytesPerSec" : 1.8777589150824627,
    "sentKBytesPerSec" : 0.7807090362583408
  },
  "002_Find_Flights" : {
    "transaction" : "002_Find_Flights",
    "sampleCount" : 20,
    "errorCount" : 0,
    "errorPct" : 0.0,
    "meanResTime" : 307.49999999999994,
    "medianResTime" : 273.5,
    "minResTime" : 226.0,
    "maxResTime" : 566.0,
    "pct1ResTime" : 449.6000000000001,
    "pct2ResTime" : 560.3999999999999,
    "pct3ResTime" : 566.0,
    "throughput" : 1.258890917102033,
    "receivedKBytesPerSec" : 1.8776407204003274,
    "sentKBytesPerSec" : 0.7806598948826085
  },
  "003_Select_Flight_Request" : {
    "transaction" : "003_Select_Flight_Request",
    "sampleCount" : 20,
    "errorCount" : 0,
    "errorPct" : 0.0,
    "meanResTime" : 370.8,
    "medianResTime" : 312.5,
    "minResTime" : 229.0,
    "maxResTime" : 624.0,
    "pct1ResTime" : 602.2,
    "pct2ResTime" : 623.0,
    "pct3ResTime" : 624.0,
    "throughput" : 1.244167962674961,
    "receivedKBytesPerSec" : 2.1200063180404354,
    "sentKBytesPerSec" : 0.8395703732503889
  },
  "004_Purchase_Flight_Request" : {
    "transaction" : "004_Purchase_Flight_Request",
    "sampleCount" : 20,
    "errorCount" : 0,
    "errorPct" : 0.0,
    "meanResTime" : 387.25,
    "medianResTime" : 370.5,
    "minResTime" : 228.0,
    "maxResTime" : 662.0,
    "pct1ResTime" : 586.8000000000001,
    "pct2ResTime" : 658.5,
    "pct3ResTime" : 662.0,
    "throughput" : 1.242544731610338,
    "receivedKBytesPerSec" : 1.868367432125994,
    "sentKBytesPerSec" : 0.9913662555914513
  }
}